ISBN,Book-Title,Book-Author,Year-Of-Publication,Publisher,Image-URL-S,Image-URL-M,Image-URL-L,Excerpt,Number-Of-Pages,Publish-Places,Tags
0375508414,Fried Green Tomatoes At The Whistle Stop Cafe,Fannie Flagg,2002,Random House,http://images.amazon.com/images/P/0375508414.01.THUMBZZZ.jpg,http://images.amazon.com/images/P/0375508414.01.MZZZZZZZ.jpg,http://images.amazon.com/images/P/0375508414.01.LZZZZZZZ.jpg,,403,['New York'],"['Women', 'Love Stories', 'Race Relations', 'Lesbians -- Fiction', 'Fiction', 'Large Type Books', 'General', 'Lgbtq Novels', 'Domestic Fiction', 'Alabama', 'Restaurants', 'Friendship', 'Lesbians', 'Kvinnlig Vnskap', 'Female Friendship', 'Alabama -- Fiction', 'Romance', 'Sknlitteratur', 'Family Life']"
0782110940,The Official Novell Dr Dos 6 Instant Reference (The Inside Story),Robert M. Thomas,1992,Sybex Inc,http://images.amazon.com/images/P/0782110940.01.THUMBZZZ.jpg,http://images.amazon.com/images/P/0782110940.01.MZZZZZZZ.jpg,http://images.amazon.com/images/P/0782110940.01.LZZZZZZZ.jpg,,296,"['San Jose', 'Alameda, CA']",['Dr Dos']
0061097640,I Know This Much Is True,Wally Lamb,1999,Reganbooks,http://images.amazon.com/images/P/0061097640.01.THUMBZZZ.jpg,http://images.amazon.com/images/P/0061097640.01.MZZZZZZZ.jpg,http://images.amazon.com/images/P/0061097640.01.LZZZZZZZ.jpg,,894,['New York'],"['General', 'Mentally Ill', 'Brothers', 'New England', 'Italian Americans', 'Psychological', 'Fiction', 'Fathers And Sons', 'Twins', 'Family Life']"
0142001740,Secret Life Of Bees,Sue Monk Kidd,2003,Penguin Books,http://images.amazon.com/images/P/0142001740.01.THUMBZZZ.jpg,http://images.amazon.com/images/P/0142001740.01.MZZZZZZZ.jpg,http://images.amazon.com/images/P/0142001740.01.LZZZZZZZ.jpg,,302,['New York'],"['Women', 'Race Relations', 'African Americans', 'Fiction', 'Large Type Books', 'Fictional Works', 'Teenagers', 'General', 'Sisters In Fiction', 'Domestic Fiction', 'Beekeeping', 'Sisters', 'Girls', 'Racism', 'Beekeepers', 'Coming Of Age', 'Historical', 'Teenage Girls', 'Secrets', 'Maternal Deprivation', 'Literature', 'Historical Fiction', 'South Carolina', 'Family Life']"
0618346260,The Lord Of The Rings,J. R. R. Tolkien,2003,Houghton Mifflin Company,http://images.amazon.com/images/P/0618346260.01.THUMBZZZ.jpg,http://images.amazon.com/images/P/0618346260.01.MZZZZZZZ.jpg,http://images.amazon.com/images/P/0618346260.01.LZZZZZZZ.jpg,Aragorn Sped On Up The Hill.,0,"['Boston, USA']","['Fantasmes', 'Fiction', 'Large Type Books', 'Magic', 'Ficcin', 'Ents', 'General', 'Nouvelles', 'Romans', 'Adventure Fiction', 'Fiction In English', 'Geographical Myths', 'Fantasy Anglaise', 'Roman Fantastique', 'Hobbits', 'English Fiction', 'Popular Carousel', 'Orcs', 'Fantasy', 'Baggins', 'Epic Fiction', 'Fantasy Fiction', 'Fantastic Fiction', 'Novela', 'Epic']"
0440237688,The Giver,Lois Lowry,2002,Laurel Leaf,http://images.amazon.com/images/P/0440237688.01.THUMBZZZ.jpg,http://images.amazon.com/images/P/0440237688.01.MZZZZZZZ.jpg,http://images.amazon.com/images/P/0440237688.01.LZZZZZZZ.jpg,"It Was Almost December, And Jonas Was Beginning To Be Frightened.",179,['New York'],"['Classic', 'Juvenile Fiction', 'Dystopias', 'Social Control', 'Fiction', 'Individuality', 'Questions', 'Childrens Literature', 'Science Fiction', 'Childrens Fiction', 'Books And Reading', 'Study And Teaching', 'Memory', 'Newbery Medal', 'Etc', 'Novel', 'Ciencia-Ficcin', 'Dystopian', 'Literature', 'Sci Fi', 'Control (Psychology)', 'Blind', 'Ethics', 'Examinations']"
0553381679,Clan Of The Cave Bear,Jean M. Auel,2002,Bantam,http://images.amazon.com/images/P/0553381679.01.THUMBZZZ.jpg,http://images.amazon.com/images/P/0553381679.01.MZZZZZZZ.jpg,http://images.amazon.com/images/P/0553381679.01.LZZZZZZZ.jpg,The Naked Child Ran Out Of The Hide-Covered Lean-To Toward The Rocky Beach At The Bend In The Small River.,494,['New York'],"['Sign Language', 'Women', 'Fiction', 'Large Type Books', 'American Fiction', 'Nouvelles', 'Prehistoric Fiction', 'Romans', 'General', 'Europe', 'Fiction In English', 'Shamanism', 'Prhistoire', 'Glacial Epoch', 'Prehistoric Peoples', 'Epic Literature', 'Historical', 'Prehistoric Man', 'Taboos', 'Epic Fiction', 'Ice Age', 'Historical Fiction', 'Neanderthals', 'Epic']"
0312022824,Silence Of The Lambs,Thomas Harris,1999,St. Martins Press,http://images.amazon.com/images/P/0312022824.01.THUMBZZZ.jpg,http://images.amazon.com/images/P/0312022824.01.MZZZZZZZ.jpg,http://images.amazon.com/images/P/0312022824.01.LZZZZZZZ.jpg,"Behavioral Science, The Fbi Section That Deals With Serial Murder, Is On The Bottom Floor Of The Academy Building At Quantico, Half-Buried In The Earth.",338,['New York'],"['Regny', 'Psychology', 'Fiction', 'Pupa', 'Large Type Books', 'Women Sleuths', 'General', 'Lambs', 'Forensic Psychiatry', 'Lecter', 'Horror', 'Amerikai Irodalom', 'Suspense', 'Mystery  Detective', 'Serial Murderers', 'Hannibal', 'Black Witch Moth', 'Offender Profiling', 'Psychological', 'Thrillers', 'Autopsy', 'Serial Murders']"
0743216393,Two For The Dough,Janet Evanovich,2001,Scribner,http://images.amazon.com/images/P/0743216393.01.THUMBZZZ.jpg,http://images.amazon.com/images/P/0743216393.01.MZZZZZZZ.jpg,http://images.amazon.com/images/P/0743216393.01.LZZZZZZZ.jpg,,796,['New York'],"['Bounty Hunters', 'Mystery  Detective', 'Women Detectives', 'Fiction', 'Trenton (N.J.)', 'Women Sleuths', 'Plum', 'New Jersey']"
0553577336,Big Game (Predator),Sandy Schofield,1999,Spectra Books,http://images.amazon.com/images/P/0553577336.01.THUMBZZZ.jpg,http://images.amazon.com/images/P/0553577336.01.MZZZZZZZ.jpg,http://images.amazon.com/images/P/0553577336.01.LZZZZZZZ.jpg,,226,['New York'],[]
0060096101,The Princess Diaries,Meg Cabot,2004,Harpercollins,http://images.amazon.com/images/P/0060096101.01.THUMBZZZ.jpg,http://images.amazon.com/images/P/0060096101.01.MZZZZZZZ.jpg,http://images.amazon.com/images/P/0060096101.01.LZZZZZZZ.jpg,,256,['[New York]'],"['Proms', 'Juvenile Fiction', 'Diaries', 'Schools', 'High Schools', 'Fiction', 'Princesses', 'Humorous Fiction', 'Humorous Stories', 'Large Type Books', 'Childrens Fiction', 'New York (N.Y.)', 'High Schools-Fiction']"
2258036429,Calvin And Hobbes,Bill Watterson,2002,Distribooks,http://images.amazon.com/images/P/2258036429.01.THUMBZZZ.jpg,http://images.amazon.com/images/P/2258036429.01.MZZZZZZZ.jpg,http://images.amazon.com/images/P/2258036429.01.LZZZZZZZ.jpg,,63,[],[]
0679642595,Prayer For Owen Meany,John Irving,2002,Modern Library,http://images.amazon.com/images/P/0679642595.01.THUMBZZZ.jpg,http://images.amazon.com/images/P/0679642595.01.MZZZZZZZ.jpg,http://images.amazon.com/images/P/0679642595.01.LZZZZZZZ.jpg,,641,['New York'],"['Predestination', 'Pres Naturels', 'Fiction', 'Roman Amricain', 'Prdestination', 'American Fiction', 'New Hampshire', 'General', 'Vietnam War', 'Romans', 'Nouvelles', '1961-1975', 'Englisch', 'Accessible Book', 'Religious Fiction', 'Mothers', 'Death', 'Birthfathers', 'Protected Daisy', 'Roman', 'Belief And Doubt', 'Friendship', 'United States', 'Amiti Masculine', 'Psychological', 'Croyance Et Doute', 'Male Friendship']"
0694524476,Alchemist,Paulo Coelho,2001,Harperaudio,http://images.amazon.com/images/P/0694524476.01.THUMBZZZ.jpg,http://images.amazon.com/images/P/0694524476.01.MZZZZZZZ.jpg,http://images.amazon.com/images/P/0694524476.01.LZZZZZZZ.jpg,,0,[],"['Andaluca (Espaa)', 'Thai Fiction', 'Fiction', 'Large Type Books', 'Portuguese Fiction', 'General', 'Shepherds', 'Fables', 'Pastores', 'Powiex85 Brazylijska', 'Self-Realization', 'Reading Materials', 'Fiction / Literary', 'Literary', 'Alquimistas', 'Voyages And Travels', 'Alchemy', 'Fantasy', 'Mexican Literature', 'Alchemists', 'Quests (Expeditions)', 'Tx85Umaczenia Polskie', 'Body', 'Mind  Spirit', 'Spirituality', 'Alquimia', 'Spain', 'Young Men', 'French Language', 'Novela', 'Expeditions']"
0743529782,Lucky,Alice Sebold,2003,Simon  Schuster Audio,http://images.amazon.com/images/P/0743529782.01.THUMBZZZ.jpg,http://images.amazon.com/images/P/0743529782.01.MZZZZZZZ.jpg,http://images.amazon.com/images/P/0743529782.01.LZZZZZZZ.jpg,,0,[],"['Victimes De Viol', 'Biography', 'Rape', 'Tudes De', 'Cas', 'Trials (Rape)', 'Case Studies', 'United States', 'Rape Victims', 'Rape Trauma Syndrome', 'Procs (Viol)', 'Trials']"
0809224895,Home Sanctuary : Practical Ways To Create A Spiritually Fulfilling Environment,Nicole Marcelis,2000,Mcgraw-Hill/Contemporary Books,http://images.amazon.com/images/P/0809224895.01.THUMBZZZ.jpg,http://images.amazon.com/images/P/0809224895.01.MZZZZZZZ.jpg,http://images.amazon.com/images/P/0809224895.01.LZZZZZZZ.jpg,,259,"['Lincolnwood, Ill']","['Religious Aspects', 'Home', 'Spiritual Life']"
0439358078,Harry Potter And The Order Of The Phoenix (Book 5),J. K. Rowling,2004,Scholastic Paperbacks,http://images.amazon.com/images/P/0439358078.01.THUMBZZZ.jpg,http://images.amazon.com/images/P/0439358078.01.MZZZZZZZ.jpg,http://images.amazon.com/images/P/0439358078.01.LZZZZZZZ.jpg,"The Hottest Day Of The Summer So Far Was Drawing To A Close And A Drowsy Silence Lay Over The Large, Square Houses Of Privet Drive.",870,['New York'],"['Acuteecoles', 'Lebensgefahr', 'Novela Inglesa', 'Magiciens', 'Juvenile Fiction', 'Witches', 'Juvenile Literature', 'School Stories', 'Novela Juvenil', 'Spanish Language', 'Fiction', 'Wizards In Fiction', 'Boarding Schools', 'England In Fiction', 'Coles', 'Large Type Books', 'Magic', 'Family', 'Das Bse', 'Magia', 'Juvenile Audience', 'Nouvelles', 'Romans', 'Magic In Fiction', 'Hate', 'Magic - Fiction', 'General', 'Auenseiter', 'Escuelas', 'Social Themes', 'Potter', 'Magos', 'Reading Materials', 'Childrens Fiction', 'Witchcraft', 'Weissagung', 'Sorciaeres', 'Parapsychology', 'Schools - Fiction', 'Conduct Of Life', 'Imaginrer Schauplatz', 'Schler', 'Sorcires', 'Das Gute', 'Coming Of Age', 'Friendship', 'Magier', 'Fantasy  Magic', 'Rollentausch', 'Jugendgruppe', 'Internat', 'Wizards', 'Fantasy', 'Magie', 'Sorciers', 'Telepathie', 'England', 'Juvenile Works', 'Schools', 'Novela Fantstica', 'Junge', 'Existenzkampf', 'Freundschaft', 'Fabeltiere', 'Military Aspects', 'Lebensrettung', 'Schools In Fiction', 'Dueling', 'Fantasy Fiction', 'Childrens Stories', 'English Literature', 'Youth', 'Ficcin Juvenil', 'Witches And Warlocks']"
0785312145,Prairie Dog At Home On The Range (Leap Frog Nature Books),Sarah Toast,1995,New Seasons,http://images.amazon.com/images/P/0785312145.01.THUMBZZZ.jpg,http://images.amazon.com/images/P/0785312145.01.MZZZZZZZ.jpg,http://images.amazon.com/images/P/0785312145.01.LZZZZZZZ.jpg,,16,"['[Lincolnwood, Ill.]']",['Prairie Dogs']
0312422156,Middlesex,Jeffrey Eugenides,2003,Picador,http://images.amazon.com/images/P/0312422156.01.THUMBZZZ.jpg,http://images.amazon.com/images/P/0312422156.01.MZZZZZZZ.jpg,http://images.amazon.com/images/P/0312422156.01.LZZZZZZZ.jpg,,529,['New York'],"['Adolescentes', 'Griechische Familie', 'Zwitter', 'Greek World', 'Fiction', 'Large Type Books', 'Mutation (Biology)', 'Bildungsromans', 'Teenagers', 'General', 'Nouvelles', 'Romans', 'Identittsfindung', 'Suburban Life', 'Transgender Persons', 'Lgbtq Novels', 'Greek Americans', 'Domestic Fiction', 'Coming Of Age', 'Einwanderer', 'Teenage Girls', 'Hermaphrodites', 'Hermaphroditism', 'Gender Identity', 'Modern Literature', 'Opensyllabusproject', 'Detroit (Mich.)', 'City And Town Life', 'Intersexuality', 'Family Life']"
0515068594,Sweet Surrender (Second Chance At Love),Diana Mars,1984,Jove Books,http://images.amazon.com/images/P/0515068594.01.THUMBZZZ.jpg,http://images.amazon.com/images/P/0515068594.01.MZZZZZZZ.jpg,http://images.amazon.com/images/P/0515068594.01.LZZZZZZZ.jpg,,192,[],[]
0156028352,Color Purple,Alice Walker,2003,Harvest Books,http://images.amazon.com/images/P/0156028352.01.THUMBZZZ.jpg,http://images.amazon.com/images/P/0156028352.01.MZZZZZZZ.jpg,http://images.amazon.com/images/P/0156028352.01.LZZZZZZZ.jpg,I Am Fourteen Years Old.,288,['Orlando'],"['1000Blackgirlbooks', 'African Americans', 'Lesbian Fiction', 'Fiction', 'Large Type Books', 'Roman Espagnol', 'Abused Wives', 'Southern States', 'African American', 'Epistolary Fiction', 'American Fiction', 'Imprims Espagnols', 'General', 'Nouvelles', 'Romans', 'Vrouwenemancipatie', 'Spanish Imprints', 'Social Conditions', 'Lgbtq Novels', 'American Literature', 'Domestic Fiction', 'Language Readers', 'Racisme', 'Sisters', 'Lesbians', 'Noires', 'Opensyllabusproject', 'Songs And Music', 'Fiction  Literature', 'Historical Fiction', 'Spanish Fiction', 'Blacks', 'Noires Amricaines', 'Family Life']"
1559276452,The Red Tent,Anita Diamant,2001,Audio Renaissance,http://images.amazon.com/images/P/1559276452.01.THUMBZZZ.jpg,http://images.amazon.com/images/P/1559276452.01.MZZZZZZZ.jpg,http://images.amazon.com/images/P/1559276452.01.LZZZZZZZ.jpg,,0,[],"['General', 'Women In The Bible', 'Religious', 'Bible', 'Fiction', 'Christian', 'Religious Fiction', 'Large Type Books']"
0805063897,Nickel And Dimed: On (Not) Getting By In America,Barbara Ehrenreich,2002,Owl Books,http://images.amazon.com/images/P/0805063897.01.THUMBZZZ.jpg,http://images.amazon.com/images/P/0805063897.01.MZZZZZZZ.jpg,http://images.amazon.com/images/P/0805063897.01.LZZZZZZZ.jpg,,0,[],"['Px85Ace Minimalne', 'Poor', 'Prekariat', 'Secteur Tertiaire', 'Unskilled Labor', 'Labor', 'Ongeschoolde Arbeid', 'Soziale Frage', 'Armut', 'Niedrigeinkommen', 'Armoede', 'Praca Fizyczna', 'Document', 'Sociale Situatie', 'Travail', 'Femme', 'Working Poor', 'Working Class', 'United States', 'Erlebnisbericht', 'Poverty', 'Immigrants', 'Minimum Wage', 'Ubstwo', 'Bas Salaire', 'Niedriglohn', 'Frauenarbeit']"
9506440298,Fahrenheit 451,Ray Bradbury,2003,"Plaza  Janes Editores, S.A.",http://images.amazon.com/images/P/9506440298.01.THUMBZZZ.jpg,http://images.amazon.com/images/P/9506440298.01.MZZZZZZZ.jpg,http://images.amazon.com/images/P/9506440298.01.LZZZZZZZ.jpg,It Was A Pleasure To Burn.,175,[],"['Totalitarismo', 'Fiction', 'Autodaf De Livres', 'Large Type Books', 'Fictional Works', 'General', 'Nouvelles', 'Romans', 'Terrorismo Estatal', 'Political Fiction', 'Censorship', 'Science Fiction', 'American Literature', 'Totalitarianisms', 'Drama', 'Book Burning', 'Zukunft', 'Award:Retrohugo', 'Totalitarianism', 'Censura', 'Terrorism', 'Dystopian', 'Political', 'Totalitarisme', 'Satire', 'Girl Next Door', 'Mechanical Hound', 'Novela', 'Bcherverbrennung', 'Terrorisme Dtat', 'Terrorismo']"
0312983867,Hard Eight,Janet Evanovich,2003,St. Martins Paperbacks,http://images.amazon.com/images/P/0312983867.01.THUMBZZZ.jpg,http://images.amazon.com/images/P/0312983867.01.MZZZZZZZ.jpg,http://images.amazon.com/images/P/0312983867.01.LZZZZZZZ.jpg,,341,['New York'],"['Women Bounty Hunters', 'Bounty Hunters', 'Mystery  Detective', 'Fiction', 'Mystery Fiction', 'Trenton (N.J.)', 'Large Type Books', 'Missing Children', 'Women Sleuths', 'Plum', 'New Jersey']"
1853261394,Anne Of Green Gables,L.M. Montgomery,1999,Ntc/Contemporary Publishing Company,http://images.amazon.com/images/P/1853261394.01.THUMBZZZ.jpg,http://images.amazon.com/images/P/1853261394.01.MZZZZZZZ.jpg,http://images.amazon.com/images/P/1853261394.01.LZZZZZZZ.jpg,,352,[],"['Canada', 'Juvenile Fiction', 'Shirley', 'Anne', 'Korean', 'Prince Edward Island', 'Perception De Soi', 'Fiction', 'Orphans', 'Self-Perception', 'French', 'Large Type Books', 'Orphanages', 'Bildungsromans', 'Teachers', 'Adolescence', 'Canadian Fiction', 'Nouvelles', 'Romans', 'Sale Books', 'Spanish', 'Teaching', 'Childrens Fiction', 'American Literature', 'Vie Rurale', 'Chang Pian Xiao Shuo', 'Action  Adventure', 'Amiti', 'English Language', 'Orphelins', 'Country Life', 'Foster Home Care', 'Classics', 'Girls', 'Coming Of Age', 'Er Tong Wen Xue', 'Friendship', 'Nova Scotia', 'Suo Xie', 'Readers', 'Classic Fiction', 'History', 'Literature: Classics', 'Islands', 'Orphelines', 'Children: Grades 3-4', 'Literature', 'Farm Life', 'Imagination', 'Childrens Stories', 'English Literature', 'Children: Grades 4-6', 'Dictionaries']"
3548256279,1984,George Orwell,2003,Ullstein Tb,http://images.amazon.com/images/P/3548256279.01.THUMBZZZ.jpg,http://images.amazon.com/images/P/3548256279.01.MZZZZZZZ.jpg,http://images.amazon.com/images/P/3548256279.01.LZZZZZZZ.jpg,"It Was A Bright Cold Day In April, And The Clocks Were Striking Thirteen.",0,[],"['Futurology', 'Novela Inglesa', 'Perpetual War', 'Totalitarismo', 'Dystopias', 'Fiction', 'Middle Aged Men', 'Resistance Movements', 'Ficcin', 'Telescreens', 'Ingsoc', 'General', 'Nouvelles', 'Romans', 'Sting Operations', 'Satirical Literature', 'Political Fiction', 'Distopas', 'Censorship', 'Suburban Life', 'Science Fiction', 'Accessible Book', 'Brainwashing', 'Authoritarianism', 'Cult Of Personality', 'Drama', 'Newspeak', 'Surveillance', 'Classic Literature', 'Political Science', 'Dystopian Plays', 'Novela Poltica', 'English Fiction', 'Correspondence', 'Contemporary Fiction', 'Fiction Classics', 'Classics', 'Zukunft', 'Historical', 'Totalitarianism', 'Politique', 'Outer Party', 'Insurance Agents', 'Ciencia-Ficcin', 'Polizeistaat', 'Political', 'Totalitarisme', 'Husbands', 'Dystopian', 'Thoughtcrime', 'Facsimiles', 'Satire', 'Journalists', 'Literature', 'Opensyllabusproject', 'Manuscripts', 'Novela', 'English Literature', 'Memory Holes', 'English Authors', 'Novelas Inglesas', 'London (England)', 'Rebels']"
0761954325,"Representation: Cultural Representations And Signifying Practices (Culture, Media And Identities , Vol 2)",Stuart Hall,1997,Sage Publications,http://images.amazon.com/images/P/0761954325.01.THUMBZZZ.jpg,http://images.amazon.com/images/P/0761954325.01.MZZZZZZZ.jpg,http://images.amazon.com/images/P/0761954325.01.LZZZZZZZ.jpg,,400,"['London', 'Thousand Oaks, Calif']",['Culture']
037570440X,Memoirs Of A Geisha,Arthur Golden,1999,Random House (P),http://images.amazon.com/images/P/037570440X.01.THUMBZZZ.jpg,http://images.amazon.com/images/P/037570440X.01.MZZZZZZZ.jpg,http://images.amazon.com/images/P/037570440X.01.LZZZZZZZ.jpg,,0,[],[]
1594130027,Harry Potter And The Prisoner Of Azkaban,J. K. Rowling,2003,Large Print Press,http://images.amazon.com/images/P/1594130027.01.THUMBZZZ.jpg,http://images.amazon.com/images/P/1594130027.01.MZZZZZZZ.jpg,http://images.amazon.com/images/P/1594130027.01.LZZZZZZZ.jpg,Harry Potter Was A Highly Unusual Boy In Many Ways.,591,"['Waterville, ME, USA']","['Rache', 'Magiciens', 'Verrat', 'Juvenile Fiction', 'Witches', 'Lge', 'Juvenile Literature', 'School Stories', 'Spanish Language', 'Novela Juvenil', 'Fiction', 'Orphans', 'Boarding Schools', 'Large Type Books', 'Magic', 'Family', 'Magia', 'Juvenile Audience', 'General', 'Schulferien', 'Romans', 'Nouvelles', 'Locus Award Winner', 'Escuelas', 'Social Themes', 'Science Fiction', 'Magos', 'Potter', 'Reading Materials', 'Adventure', 'Chinese Fiction', 'Childrens Fiction', 'Juvenile Films', 'Friendship', 'Fantasy  Magic', 'Jugendgruppe', 'Children Stories', 'Childrens Books', 'Wizards', 'Fantasy', 'Spanish: Grades 4-7', 'Literatura Juvenil', 'Magie', 'Deutschland', 'England', 'Juvenile Works', 'Foster Homes', 'Schools', 'Junge', 'Freundschaft', 'Literature', 'Fabeltiere', 'Fantasy Fiction', 'English Literature', 'Good And Evil', 'Ficcin Juvenil', 'Hechiceros', 'Tong Hua']"
043955490X,Harry Potter And The Goblet Of Fire,J. K. Rowling,2003,Arthur A. Levine Books,http://images.amazon.com/images/P/043955490X.01.THUMBZZZ.jpg,http://images.amazon.com/images/P/043955490X.01.MZZZZZZZ.jpg,http://images.amazon.com/images/P/043955490X.01.LZZZZZZZ.jpg,"The Villagers Of Little Hangleton Still Called It The Riddle House, Even Though It Had Been Many Years Since The Riddle Family Had Lived There.",752,[],"['Juvenile Fiction', 'Mord', 'Juvenile Literature', 'English', 'Bewhrung', 'School Stories', 'Novela Juvenil', 'Fiction', 'Orphans', 'Coles', 'Large Type Books', 'Magic', 'Family', 'Magia', 'Ficcin', 'Juvenile Audience', 'Nouvelles', 'Novelas Inglesas', 'Romans', 'Escuelas', 'Social Themes', 'Magos', 'Potter', 'Reading Materials', 'Chinese Fiction', 'Award:Hugoawardnovel', 'Waisenkind', 'Childrens Fiction', 'Drama', 'Wiederbelebung', 'Juvenile Films', 'Action  Adventure', 'Sorcellerie', 'Friendship', 'Hugo Award', 'Jugendbuch', 'Wettkampf', 'Magier', 'Fantasy  Magic', 'Inglaterra', 'Intrige', 'Wizards', 'Film Adaptations', 'Fantasy', 'Sorciers', 'England', 'Hugo Award Winner', 'Juvenile Works', 'Award:Hugoaward2001', 'Foster Homes', 'Schools', 'Junge', 'Magi', 'Sport', 'School', 'Childrens Stories', 'Fantasy Fiction', 'English Literature', 'French Language', 'Fictitious Schools', 'Ficcin Juvenil', 'Hechiceros', 'Rettung']"
3453185676,Dune,Frank Herbert,2001,Heyne,http://images.amazon.com/images/P/3453185676.01.THUMBZZZ.jpg,http://images.amazon.com/images/P/3453185676.01.MZZZZZZZ.jpg,http://images.amazon.com/images/P/3453185676.01.LZZZZZZZ.jpg,,872,[],"['General', 'Award:Hugoaward1966', 'Science Fiction', 'Fiction', 'American Literature', 'Award:Hugoawardnovel', 'Science-Fiction', 'Hugo Award Winner']"
0786880570,Screenwriters On Screen-Writing,Joel Engel,1995,Hyperion,http://images.amazon.com/images/P/0786880570.01.THUMBZZZ.jpg,http://images.amazon.com/images/P/0786880570.01.MZZZZZZZ.jpg,http://images.amazon.com/images/P/0786880570.01.LZZZZZZZ.jpg,,298,['New York'],"['Interviews', 'Screenwriters']"
0440503582,"In A Word: A Dictionary Of Words That Dont Exist, But Ought To",Jack Hitt,1992,Bantam Dell Pub Group,http://images.amazon.com/images/P/0440503582.01.THUMBZZZ.jpg,http://images.amazon.com/images/P/0440503582.01.MZZZZZZZ.jpg,http://images.amazon.com/images/P/0440503582.01.LZZZZZZZ.jpg,,215,['New York'],"['English Language', 'Etymology']"
0553381547,Prince Of Tides,Pat Conroy,2002,Bantam,http://images.amazon.com/images/P/0553381547.01.THUMBZZZ.jpg,http://images.amazon.com/images/P/0553381547.01.MZZZZZZZ.jpg,http://images.amazon.com/images/P/0553381547.01.LZZZZZZZ.jpg,,679,['New York'],"['General', 'Juvenile Fiction', 'Fiction', 'Brothers And Sisters', 'Large Type Books', 'Domestic Fiction', 'New York (N.Y.)', 'Twins', 'South Carolina', 'Family Life']"
0809598949,Jane Eyre,Charlotte Bronte,2004,Wildside Press,http://images.amazon.com/images/P/0809598949.01.THUMBZZZ.jpg,http://images.amazon.com/images/P/0809598949.01.MZZZZZZZ.jpg,http://images.amazon.com/images/P/0809598949.01.LZZZZZZZ.jpg,,0,[],[]
0060512822,The Poisonwood Bible,Barbara Kingsolver,2003,Harpertorch,http://images.amazon.com/images/P/0060512822.01.THUMBZZZ.jpg,http://images.amazon.com/images/P/0060512822.01.MZZZZZZZ.jpg,http://images.amazon.com/images/P/0060512822.01.LZZZZZZZ.jpg,Imagine A Ruin So Strange It Must Never Have Happened.,672,[],"['Evangelical Mission', 'Christian Families', 'Fiction', 'Americans In Congo', 'Large Type Books', 'Family', 'Religious Fanatics', 'Culture Conflict', 'General', 'Americans', 'Literary', 'Missionaries', 'Lierary Fiction', 'War Of Independence', 'Racism', 'Colonialism', 'Historical', 'Americans In Africa', 'Postcolonial Africa', 'Families', 'History', 'Baptists', 'Political', 'Africa', 'Literature', 'Opensyllabusproject', 'Historical Fiction', 'Murder']"
0439554896,Harry Potter And The Chamber Of Secrets,J. K. Rowling,2003,Arthur A. Levine Books,http://images.amazon.com/images/P/0439554896.01.THUMBZZZ.jpg,http://images.amazon.com/images/P/0439554896.01.MZZZZZZZ.jpg,http://images.amazon.com/images/P/0439554896.01.LZZZZZZZ.jpg,"Not For The First Time, An Argument Had Broken Out Over Breakfast At Number Four, Privet Drive.",352,[],"['Lebensgefahr', 'England -- Fiction', 'Magiciens', 'Juvenile Fiction', 'Witches', 'English', 'School Stories', 'Novela Juvenil', 'Fiction', 'Orphans', 'Coles', 'Large Type Books', 'Magic', 'Family', 'Das Bse', 'Aunts', 'Magia', 'Juvenile', 'List', 'General', 'Nouvelles', 'Engels', 'Romans', 'Escuelas', 'Social Themes', 'Wizards Fiction', 'Kampf', 'Schule', 'Magos', 'Potter', 'Basilisk (Fabeltier)', 'Social Issues', 'Chinese Fiction', 'Childrens Fiction', 'Witches Fiction', 'England Fiction', 'Witchcraft', 'Wizards -- Fiction', 'Action  Adventure', 'Maga', 'Ncromancie', 'Magic -- Fiction', 'Das Gute', 'Schools Fiction', 'Friendship', 'Magier', 'Fantasy  Magic', 'Jugendbuch', 'Internat', 'Wizards', 'Uncles', 'Fantasy', 'Phnix', 'Magie', 'Sieg', 'Basilisk', 'England', 'Deutschland', 'Schools', 'Novela Fantstica', 'Junge', 'Cousins', 'Lebensrettung', 'Fantasy Fiction', 'Childrens Stories', 'English Literature', 'Ficcin Juvenil', 'Schools -- Fiction']"
0373760086,"Loner And The Lady (Debut Author) (Silhouette Desire, No 1008)",Eileen Wilks,1996,Silhouette,http://images.amazon.com/images/P/0373760086.01.THUMBZZZ.jpg,http://images.amazon.com/images/P/0373760086.01.MZZZZZZZ.jpg,http://images.amazon.com/images/P/0373760086.01.LZZZZZZZ.jpg,,186,[],"['General', 'Romance', 'Fiction']"
3404143434,The Green Mile,Stephen King,2000,Lbbe,http://images.amazon.com/images/P/3404143434.01.THUMBZZZ.jpg,http://images.amazon.com/images/P/3404143434.01.MZZZZZZZ.jpg,http://images.amazon.com/images/P/3404143434.01.LZZZZZZZ.jpg,"This Happened In 1932, When The State Penitentiary Was Still At Cold Mountain.",572,[],"['Juvenile Fiction', 'Georgia', 'Fiction', 'Prisons', 'Death Row', 'Supernatural', 'Large Type Books', 'Ficcin', 'Catatonia', 'Suspense Fiction', 'Penitentiary', 'Electric Chairs', 'Electric Current', 'Coffey', 'Arsonists', 'Prisoners', 'Rape', 'Native Americans', 'Serial', 'Chang Pian Xiao Shuo', 'Horror', 'Sisters', 'Solitary Confinement', 'Suspense', 'Serialized Fiction', 'Death Row Inmates', 'Cajuns', 'Paranormal Fiction', 'Electrodes', 'Mystery', 'Psychics', 'Horror Tales', 'Prison Wardens', 'Nursing Homes', 'Jails', 'Cuentos De Terror', 'Horror Fiction', 'Miracles', 'Insurance Fraud', 'Thrillers', 'Prisiones', 'Straitjackets', 'Serialised Fiction', 'Murderers', 'Murder', 'Mice', 'Empathy']"
0843940581,"Death At Spanish Wells (Danl Boone Lost Wilderness Tales, No 3)",Dodge Tyler,1996,Leisure Books,http://images.amazon.com/images/P/0843940581.01.THUMBZZZ.jpg,http://images.amazon.com/images/P/0843940581.01.MZZZZZZZ.jpg,http://images.amazon.com/images/P/0843940581.01.LZZZZZZZ.jpg,,0,[],[]
9875021245,Dracula,Bram Stoker,2004,Distal,http://images.amazon.com/images/P/9875021245.01.THUMBZZZ.jpg,http://images.amazon.com/images/P/9875021245.01.MZZZZZZZ.jpg,http://images.amazon.com/images/P/9875021245.01.LZZZZZZZ.jpg,,446,[],"['Dracula (Stoker', 'Juvenile Fiction', 'Rhetoric', 'Fiction', 'Horror Stories', 'Irish Fiction', 'Comic Books', 'British', 'Monsters', 'General', 'Spanish', 'Report Writing', 'Childrens Fiction', 'Literary', 'Bram)', 'Drama', 'Ghost', 'Strips', 'Stoker', 'English Language', 'Study And Teaching', 'Horror', 'German', 'Mystery  Detective', 'Dracula (Stoker)', 'Historical', 'Vampires', 'Etc', 'English Horror Tales', 'Thriller', 'Literary Criticism', 'Irish Authors', 'Fantasy', 'Romanians', 'England', 'Epistolary Novels', 'Horror Tales', 'Adaptations', 'Gothic', 'Vampiros', 'Literature', 'Psychological', 'Horror Fiction', 'Dracula', 'Cartoons And Comics', 'Gothic Literature', 'Bram', 'Novela', 'Childrens Stories', 'English Literature', 'Romania', '1847-1912', 'French', 'Dictionaries']"
345319988X,Watership Down,Richard Adams,2002,Heyne,http://images.amazon.com/images/P/345319988X.01.THUMBZZZ.jpg,http://images.amazon.com/images/P/345319988X.01.MZZZZZZZ.jpg,http://images.amazon.com/images/P/345319988X.01.LZZZZZZZ.jpg,,0,[],[]
0446605484,Roses Are Red,James Patterson,2001,Warner Vision,http://images.amazon.com/images/P/0446605484.01.THUMBZZZ.jpg,http://images.amazon.com/images/P/0446605484.01.MZZZZZZZ.jpg,http://images.amazon.com/images/P/0446605484.01.LZZZZZZZ.jpg,,0,[],"['Mystery  Detective', 'Suspense', 'Psychological', 'Fiction', 'Police Procedural', 'Washington (D.C.)', 'Cross']"
0875423108,The Goblin Universe (Llewellyns Psi-Tech Series),F. W. Holiday,1986,Llewellyn Pubns,http://images.amazon.com/images/P/0875423108.01.THUMBZZZ.jpg,http://images.amazon.com/images/P/0875423108.01.MZZZZZZZ.jpg,http://images.amazon.com/images/P/0875423108.01.LZZZZZZZ.jpg,,262,"['St. Paul, Minn., U.S.A']","['Loch Ness Monster', 'Apparitions']"
0571206484,Prodigal Summer,Barbara Kingsolver,2002,Faber  Faber Ltd,http://images.amazon.com/images/P/0571206484.01.THUMBZZZ.jpg,http://images.amazon.com/images/P/0571206484.01.MZZZZZZZ.jpg,http://images.amazon.com/images/P/0571206484.01.LZZZZZZZ.jpg,Her Body Moved With The Frankness That Comes From Solitary Habits.,320,[],"['General', 'Women Biologists', 'Farmers', 'Literature', 'Farm Life', 'Fiction', 'Farm Life In Fiction', 'Hunters', 'Mountain Life', 'Manners And Customs', 'Domestic Fiction']"
185459768X,His Dark Materials,Philip Pullman,2004,Nick Hern Books,http://images.amazon.com/images/P/185459768X.01.THUMBZZZ.jpg,http://images.amazon.com/images/P/185459768X.01.MZZZZZZZ.jpg,http://images.amazon.com/images/P/185459768X.01.LZZZZZZZ.jpg,,236,['London'],"['Childrens Plays', 'English Drama']"
0618134700,The Hobbit,J.R.R. Tolkien,2002,Houghton Mifflin Company,http://images.amazon.com/images/P/0618134700.01.THUMBZZZ.jpg,http://images.amazon.com/images/P/0618134700.01.MZZZZZZZ.jpg,http://images.amazon.com/images/P/0618134700.01.LZZZZZZZ.jpg,,0,[],"['General', 'Fantasy', 'Fiction']"
8473863852,"Pnume, Los",Jack Vance,2000,Ultramar,http://images.amazon.com/images/P/8473863852.01.THUMBZZZ.jpg,http://images.amazon.com/images/P/8473863852.01.MZZZZZZZ.jpg,http://images.amazon.com/images/P/8473863852.01.LZZZZZZZ.jpg,,0,[],[]
1589971248,Little Women,Louisa May Alcott,2004,Tyndale House Publishers,http://images.amazon.com/images/P/1589971248.01.THUMBZZZ.jpg,http://images.amazon.com/images/P/1589971248.01.MZZZZZZZ.jpg,http://images.amazon.com/images/P/1589971248.01.LZZZZZZZ.jpg,,0,[],[]
8495618605,The Da Vinci Code,Dan Brown,2003,Ediciones Urano,http://images.amazon.com/images/P/8495618605.01.THUMBZZZ.jpg,http://images.amazon.com/images/P/8495618605.01.MZZZZZZZ.jpg,http://images.amazon.com/images/P/8495618605.01.LZZZZZZZ.jpg,The Priory Of Sion A European Secret Society Founded In 1099Is A Real Organization.,0,['Barcelona'],"['Sociedades Secretas', 'Maria Magdalena', 'Last Supper In Art', 'Mystery  Suspense', 'Cryptographers', 'Mord', 'Appreciation', 'Fiction', 'Mystery Fiction', 'Powiesc Amerykanska', 'Large Type Books', 'Ficcin', 'Templars', 'Priory Of Sion', 'American Fiction', 'Fictional Works', 'Suspense Fiction', 'Suspense  Thriller', 'General', 'Romans', 'Occultisme', 'Leonardo', 'Adventure Fiction', 'Safe Deposit Boxes', 'Religious Fiction', 'Catholics', 'Art Museum Curators', 'Chang Pian Xiao Shuo', 'Religious Articles', 'Langdon', 'Fibonacci Sequence', 'Vitruvian Man', 'Suspense', 'Grail', 'Mystery  Detective', 'Da Vinci', 'Crimes Against', 'Criptografa', 'Cryptography', 'Holy Grail', 'Art Appreciation', 'Spiritual Fiction', 'England', 'Mystery', 'Manuscritos', 'Tumaczenia Polskie', 'Paris (France)', 'Aventures', 'Bruderschaft', 'Religious', 'Puzzles', 'Manuscripts', 'Grial', 'Thrillers', 'Hieros Gamos', 'Novela', 'Secret Societies', '1452-1519', 'Museumsdirektor']"
0836204255,The Far Side,Gary Larson,1995,Andrews Mcmeel Publishing,http://images.amazon.com/images/P/0836204255.01.THUMBZZZ.jpg,http://images.amazon.com/images/P/0836204255.01.MZZZZZZZ.jpg,http://images.amazon.com/images/P/0836204255.01.LZZZZZZZ.jpg,,159,['Kansas City'],"['Wit And Humor', 'Form', 'Pictorial', 'Humor', 'Etc', 'Comic Books', 'History', 'Strips']"
0394864034,"The Mystery Of The Whispering Mummy (Three Investigators, No 3)",Robert Arthur,1985,Random House Books For Young Readers,http://images.amazon.com/images/P/0394864034.01.THUMBZZZ.jpg,http://images.amazon.com/images/P/0394864034.01.MZZZZZZZ.jpg,http://images.amazon.com/images/P/0394864034.01.LZZZZZZZ.jpg,,180,['New York'],[]
0141439645,Huckleberry Finn,Mark Twain,2003,Penguin Books Ltd,http://images.amazon.com/images/P/0141439645.01.THUMBZZZ.jpg,http://images.amazon.com/images/P/0141439645.01.MZZZZZZZ.jpg,http://images.amazon.com/images/P/0141439645.01.LZZZZZZZ.jpg,Notice Persons Attempting To Find A Motive In This Narrative Will Be Prosecuted; Persons Attempting To Find A Moral In It Will Be Banished; Persons Attempting To Find A Plot In It Will Be Shot.,0,"['London, England']","['Juvenile Fiction', 'Anglais (Langue)', 'Race Relations', 'Juvenile Literature', 'Finn', 'Child Witnesses', 'Nouvelles', 'Childrens Literature', 'Rafting', 'Garons', 'Revenge', 'English Language', 'Foreign Speakers', 'Mark)', 'Amiti Masculine', 'Facsimiles', 'Manuscripts', 'Young Men', 'Orphans', 'General', 'Relations Raciales', 'Manners And Customs', 'Young Women', 'Rafting (Sports)', 'Sisters', 'Friendship', 'Courtship', 'Slavery', 'Readers', 'Etc', 'Fugitive Slaves', 'Voyage', 'Opensyllabusproject', 'Travel', 'Outlines', '19Th Century', 'Large Type Books', 'Roman Amricain', 'Romans', 'Humor', 'Syllabi', 'Childrens Fiction', 'American Literature', 'Runaway Teenagers', 'Amiti', 'Study And Teaching', 'Enfants Fugueurs', 'Study Guides', 'Classes Sociales', 'Personnages', 'Slaves', 'Voyages', 'Garcons', 'Humorous Stories', 'Boys', 'Boys In Literature', 'Jeunes Femmes', 'Examinations', 'Runaway Children', 'Dictionaries', 'Fiction', 'Runaways', 'American Fiction', 'American Manuscripts', 'Histoire', 'Social Classes', 'Amitie Masculine', 'Slavery -- Fiction', 'Voyages And Travels', 'Adventure Stories', 'Mississippi River', 'Specimens', 'Sx85Urs', 'Literary Criticism', 'Missouri', 'History', 'Esclaves Fugitifs', 'Loyalty', 'Satire', 'Literature', 'Amours', 'Large Print Books', 'Male Friendship']"
0060935464,To Kill A Mockingbird,Harper Lee,2002,Perennial Classics,http://images.amazon.com/images/P/0060935464.01.THUMBZZZ.jpg,http://images.amazon.com/images/P/0060935464.01.MZZZZZZZ.jpg,http://images.amazon.com/images/P/0060935464.01.LZZZZZZZ.jpg,"When He Was Nearly Thirteen, My Brother Jem Got His Arm Badly Broken At The Elbow.",0,[],"['Race Relations', 'African Americans', 'Relaciones Raciales', 'Fiction', 'Large Type Books', 'Mob Mentality', 'Southern States', 'Bildungsromans', 'Ficcin', 'Great Depression', 'Procs (Viol)', 'American Fiction', 'Lawyers', 'Prejudices', 'General', 'Nouvelles', 'Romans', 'Kind', 'Relations Raciales', 'Filles', 'Trials (Rape)', 'American Literature', 'Literary', 'Gender Roles', 'Domestic Fiction', 'Loss Of Innocence', 'Manners And Customs', 'Muchachas', 'Class', 'Compassion', 'Contemporary Fiction', 'Fiction Classics', 'Southern Gothic', 'Southern Life', 'Girls', 'Classics', 'Coming Of Age', 'Legal', 'Laws', 'Courage', 'Rape Trials', 'Toleranz', 'Novela', 'Legal Stories', 'Racial Segregation', 'Racial Injustice', 'Padres E Hijas', 'Family Life']"
0618153985,"The Fellowship Of The Ring (The Lord Of The Rings, Part 1)",J.R.R. Tolkien,2001,Houghton Mifflin Company,http://images.amazon.com/images/P/0618153985.01.THUMBZZZ.jpg,http://images.amazon.com/images/P/0618153985.01.MZZZZZZZ.jpg,http://images.amazon.com/images/P/0618153985.01.LZZZZZZZ.jpg,"This Book Is Largely Concerned With Hobbits, And From Its Pages A Reader May Discover Much Of Their Character And A Little Of Their History.",423,"['Boston, USA']","['J.R.R.)', 'Fear', 'Fiction', 'Large Type Books', 'Friends', 'Ficcin', 'Dwarves', 'Nouvelles', 'General', 'Romans', 'Adventure Fiction', 'Fiction In English', 'Childrens Fiction', 'Adventure Stories', 'English Fiction', 'Elves', 'Franais (Langue)', 'Roman', 'Young Adult Fiction', 'Evil', 'Media Tie-In', 'Vol. 1', 'Fairy Tales', 'Hope', 'Fantasy', 'Baggins', 'Fantasy Fiction', 'Fantastic Fiction', 'English Literature', 'Epic']"
0141439572,Picture Of Dorian Gray,Oscar Wilde,2003,Penguin Books,http://images.amazon.com/images/P/0141439572.01.THUMBZZZ.jpg,http://images.amazon.com/images/P/0141439572.01.MZZZZZZZ.jpg,http://images.amazon.com/images/P/0141439572.01.LZZZZZZZ.jpg,"The Studio Was Filled With The Rich Odour Of Roses, And When The Light Summer Wind Stirred Amidst The Trees Of The Garden There Came Through The Open Door The Heavy Scent Of The Lilac, Or The More Delicate Perfume Of The Pink-Flowering Thorn.",252,"['London', 'New York']","['Novela Didctica', 'Morale Pratique', 'English', 'Fiction', 'Irish', 'Large Type Books', 'Painting', 'Paranormal', 'General', 'Nouvelles', 'Romans', 'Lgbtq Novels', 'Childrens Fiction', 'Portraits', 'Drama', 'Men', 'Welsh', 'Conduct Of Life', 'Horror', 'Classics', 'Historical', 'Readers', 'Classic Fiction', 'Fantasy', 'Paranormal Fiction', 'England', 'Education', 'Great Britain', 'Scottish', 'Psychological', 'Didactic Fiction', 'Novela Psicologa', 'European', 'Fantasy Fiction', 'Future Life', 'Juvnilit', 'English Literature', 'Youthfulness', 'Soul', 'Hedonism']"
0425172902,Hunt For Red October,Tom Clancy,1999,Berkley Publishing Group,http://images.amazon.com/images/P/0425172902.01.THUMBZZZ.jpg,http://images.amazon.com/images/P/0425172902.01.MZZZZZZZ.jpg,http://images.amazon.com/images/P/0425172902.01.LZZZZZZZ.jpg,Captain First Rank Marko Ramius Of The Soviet Navy Was Dressed For The Arctic Conditions Normal To The Northern Fleet Submarine Base At Polyarnyy.,432,[],"['Soviet Union', 'Fiction', 'Large Type Books', 'Submarines', 'Submarines (Ships)', 'Nuclear Submarines', 'Submarine Forces', 'Sr. Ryan', 'Berlufer', 'Espionage', 'Atom-Unterseeboot', 'United States. Navy', 'Defectors', 'Ryan', 'Suspense', 'Media Tie-In', 'United States', 'Thriller', 'Marine', 'Thrillers', 'Spy Stories', 'Intelligence Service']"
0345465083,Seabiscuit,Laura Hillenbrand,2003,Ballantine Books,http://images.amazon.com/images/P/0345465083.01.THUMBZZZ.jpg,http://images.amazon.com/images/P/0345465083.01.MZZZZZZZ.jpg,http://images.amazon.com/images/P/0345465083.01.LZZZZZZZ.jpg,,457,['New York'],"['Biography', 'Horse Racing', 'Large Type Books', 'Race Horses', '20Th Century', 'History', 'Geschichte']"
0380763192,The Hawk And The Heather,Robin Leigh,1992,Harper Mass Market Paperbacks (Mm),http://images.amazon.com/images/P/0380763192.01.THUMBZZZ.jpg,http://images.amazon.com/images/P/0380763192.01.MZZZZZZZ.jpg,http://images.amazon.com/images/P/0380763192.01.LZZZZZZZ.jpg,,0,[],"['General', 'Fiction']"
159413023X,The Lovely Bones,Alice Sebold,2004,Large Print Press,http://images.amazon.com/images/P/159413023X.01.THUMBZZZ.jpg,http://images.amazon.com/images/P/159413023X.01.MZZZZZZZ.jpg,http://images.amazon.com/images/P/159413023X.01.LZZZZZZZ.jpg,,532,"['Waterville, ME']","['Familias', 'Adolescentes', 'Homicide', 'Fiction', 'Ghost Stories', 'Large Type Books', 'Spirits', 'Ficcin', 'American Fiction', 'Teenagers', 'General', 'Vctimas De Asesinato', 'Romans', 'Nouvelles', 'Dead', 'Novela Psicolgica', 'Domestic Fiction', 'Crimes Contre', 'Girls', 'Crimes Against', 'Teenage Girls', 'Novela Hogarea', 'Families', 'Delitos Contra', 'Victims Of Crimes', 'Psychological', 'Future Life', 'Murder', 'Bereavement', 'Family Life']"
140003468X,Love In The Time Of Cholera,Gabriel Garcia Marquez,2003,Vintage,http://images.amazon.com/images/P/140003468X.01.THUMBZZZ.jpg,http://images.amazon.com/images/P/140003468X.01.MZZZZZZZ.jpg,http://images.amazon.com/images/P/140003468X.01.LZZZZZZZ.jpg,,368,[],"['Love Stories', 'First Loves', 'Reading Group Guide', 'Spanish Language', 'Historias De Amor', 'Fiction', 'Novela Espaola', 'Large Type Books', 'Novels', 'Ficcin', 'Nouvelles', 'Romans', 'Unrequited Love', 'Romance Fiction', 'Spanish Literature', 'Reading Materials', 'Chang Pian Xiao Shuo', 'Histoires Damour', 'Courtship', 'Ficci Histrica', 'Materiales En Espaol', 'Vida Familiar', 'Colombian Fiction', 'Cortejo Amoroso', 'Colombia', 'Movie Novels', 'Novela', 'Romance Literature', 'Historical Fiction', 'Spanish Fiction', 'Cuentos Del Amor', 'Romance', 'Family Life']"
0192802380,Pride And Prejudice,Jane Austen,2004,Oxford University Press,http://images.amazon.com/images/P/0192802380.01.THUMBZZZ.jpg,http://images.amazon.com/images/P/0192802380.01.MZZZZZZZ.jpg,http://images.amazon.com/images/P/0192802380.01.LZZZZZZZ.jpg,"It Is A Truth Universally Acknowledged, That A Single Man In Possession Of A Good Fortune, Must Be In Want Of A Wife.",333,['New York'],"['Familles', 'Juvenile Fiction', 'Love Stories', 'Women In England', 'Literary Fiction', 'Classical Literature', 'Fiction', 'Brothers And Sisters', 'Family', 'Cuentos De Amor', 'Family Relations', 'Darcy', 'Entail', 'General', 'Romans', 'Nouvelles', 'Upper Class', 'Prejudices', 'Hermanas', 'Jvenes (Mujeres)', 'Marriage', 'Social Classes', 'Bennet', 'Romance Fiction', 'Childrens Fiction', 'Manners And Customs', 'Drama', 'Jane)', 'Young Women', 'Mx85Urs Et Coutumes', 'Clases Sociales', 'Roman Anglais', 'Domestic Fiction', 'English Fiction', 'Fiction Classics', 'Sisters', 'Classes Sociales', 'Sx85Urs', 'Coming Of Age', 'Courtship', 'Historical', 'Readers', 'Families', 'Cortejo Amoroso', 'Manners', 'History', 'England', 'Great Britain', 'Young Ladies', 'Wealth', 'Amours', 'Jeunes Femmes', 'Novela', 'English Literature', 'Historical Fiction', 'Romance', 'Family Life']"
0525463348,Piglet (Giant Board Book),A. A. Milne,2000,Dutton Childrens Books,http://images.amazon.com/images/P/0525463348.01.THUMBZZZ.jpg,http://images.amazon.com/images/P/0525463348.01.MZZZZZZZ.jpg,http://images.amazon.com/images/P/0525463348.01.LZZZZZZZ.jpg,,10,[],"['Juvenile Fiction', 'Fiction', 'Teddy Bears', 'Best Friends', 'Toys']"
0140301690,Alice,Lewis Carroll,1994,Puffin Books,http://images.amazon.com/images/P/0140301690.01.THUMBZZZ.jpg,http://images.amazon.com/images/P/0140301690.01.MZZZZZZZ.jpg,http://images.amazon.com/images/P/0140301690.01.LZZZZZZZ.jpg,,345,"['London, England']","['Illustrations', 'Juvenile Fiction', 'Rabbits', 'Juvenile Literature', 'English', 'Literatur Englez', 'Fiction', 'Ficcin Juvenil', 'Large Type Books', 'Fantasy In Fiction', 'Hookahs', 'Animals', 'General', 'Imaginary Voyages', 'Anthropomorphism', 'Childrens Literature', 'Logic', 'Fiction In English', 'Carroll', 'Lewis', 'Pro Tehon', 'Humor', 'Reading Materials', 'Imagination  Play', 'Tea', 'Childrens Fiction', 'Accessible Book', 'Lewis)', 'Croquet', 'Books And Reading', 'Susan (Donor)', '20Th Century', 'Classic Literature', 'Adventure Stories', 'English Language', 'English Fiction', 'Mythical Animals', 'Texts', 'Picture Books', 'Classics', 'Girls', 'Specimens', 'Roman', 'Fantasa', 'Friendship', 'Legends', 'Fantasy  Magic', 'Fairy Tales', 'Adventure Travel', 'Children', 'Humorous Stories', 'Imaginary Places', 'Readers', 'Fantasy', 'Nonsense Verses', 'History', 'Condensed Books', 'Literatura Inglesa', 'Literary Nonsense', 'Chr 1960', '1832-1898', 'Novela Fantstica', 'Playing Cards', 'Literature', 'Textual Criticism', 'Short Novel', 'Fantasy Fiction', 'Childrens Stories', 'English Literature', 'Curiosity', 'Littrature Anglaise']"
